instance,solver,mode,partial_k,lookahead_depth,cost,high_expanded,high_generated,low_expanded,low_generated,cpu_time_or_status,cpu_time_raw,cpu_time,instance_short,instance_short_wide,cost_astar,low_expanded_astar,low_generated_astar,cpu_time_astar,cost_lookahead,low_expanded_lookahead,low_generated_lookahead,cpu_time_lookahead,cost_partial,low_expanded_partial,low_generated_partial,cpu_time_partial
instances\test_1.txt,CBS,astar,,,41,145.0,289.0,3763.0,12068.0,0.083773,0.083773,0.083773,test_1.txt,test_1.txt,41,3763.0,12068.0,0.083773,41,3763.0,12068.0,2.65648,41,3899.0,11491.0,0.084454
instances\test_1.txt,CBS,partial,3,,41,145.0,289.0,3899.0,11491.0,0.084454,0.084454,0.084454,test_1.txt,test_1.txt,41,3763.0,12068.0,0.083773,41,3763.0,12068.0,2.65648,41,3899.0,11491.0,0.084454
instances\test_1.txt,CBS,lookahead,,4,41,145.0,289.0,3763.0,12068.0,2.656480,2.656480,2.65648,test_1.txt,test_1.txt,41,3763.0,12068.0,0.083773,41,3763.0,12068.0,2.65648,41,3899.0,11491.0,0.084454
instances\test_10.txt,CBS,astar,,,19,4.0,7.0,100.0,304.0,0.003598,0.003598,0.003598,test_10.txt,test_10.txt,19,100.0,304.0,0.003598,19,100.0,304.0,0.058898,19,112.0,299.0,0.003
instances\test_10.txt,CBS,partial,3,,19,4.0,7.0,112.0,299.0,0.003000,0.003000,0.003,test_10.txt,test_10.txt,19,100.0,304.0,0.003598,19,100.0,304.0,0.058898,19,112.0,299.0,0.003
instances\test_10.txt,CBS,lookahead,,4,19,4.0,7.0,100.0,304.0,0.058898,0.058898,0.058898,test_10.txt,test_10.txt,19,100.0,304.0,0.003598,19,100.0,304.0,0.058898,19,112.0,299.0,0.003
instances\test_11.txt,CBS,astar,,,35,3.0,5.0,143.0,450.0,0.003987,0.003987,0.003987,test_11.txt,test_11.txt,35,143.0,450.0,0.003987,35,143.0,450.0,0.094326,35,139.0,411.0,0.005996
instances\test_11.txt,CBS,partial,3,,35,3.0,5.0,139.0,411.0,0.005996,0.005996,0.005996,test_11.txt,test_11.txt,35,143.0,450.0,0.003987,35,143.0,450.0,0.094326,35,139.0,411.0,0.005996
instances\test_11.txt,CBS,lookahead,,4,35,3.0,5.0,143.0,450.0,0.094326,0.094326,0.094326,test_11.txt,test_11.txt,35,143.0,450.0,0.003987,35,143.0,450.0,0.094326,35,139.0,411.0,0.005996
instances\test_12.txt,CBS,astar,,,36,6.0,11.0,125.0,457.0,0.004803,0.004803,0.004803,test_12.txt,test_12.txt,36,125.0,457.0,0.004803,36,125.0,457.0,0.086144,36,125.0,427.0,0.006039
instances\test_12.txt,CBS,partial,3,,36,6.0,11.0,125.0,427.0,0.006039,0.006039,0.006039,test_12.txt,test_12.txt,36,125.0,457.0,0.004803,36,125.0,457.0,0.086144,36,125.0,427.0,0.006039
instances\test_12.txt,CBS,lookahead,,4,36,6.0,11.0,125.0,457.0,0.086144,0.086144,0.086144,test_12.txt,test_12.txt,36,125.0,457.0,0.004803,36,125.0,457.0,0.086144,36,125.0,427.0,0.006039
instances\test_13.txt,CBS,astar,,,36,9.0,17.0,231.0,835.0,0.008003,0.008003,0.008003,test_13.txt,test_13.txt,36,231.0,835.0,0.008003,36,231.0,835.0,0.175587,36,231.0,780.0,0.008033
instances\test_13.txt,CBS,partial,3,,36,9.0,17.0,231.0,780.0,0.008033,0.008033,0.008033,test_13.txt,test_13.txt,36,231.0,835.0,0.008003,36,231.0,835.0,0.175587,36,231.0,780.0,0.008033
instances\test_13.txt,CBS,lookahead,,4,36,9.0,17.0,231.0,835.0,0.175587,0.175587,0.175587,test_13.txt,test_13.txt,36,231.0,835.0,0.008003,36,231.0,835.0,0.175587,36,231.0,780.0,0.008033
instances\test_14.txt,CBS,astar,,,24,2.0,3.0,42.0,163.0,0.003002,0.003002,0.003002,test_14.txt,test_14.txt,24,42.0,163.0,0.003002,24,42.0,163.0,0.058134,24,42.0,140.0,0.001999
instances\test_14.txt,CBS,partial,3,,24,2.0,3.0,42.0,140.0,0.001999,0.001999,0.001999,test_14.txt,test_14.txt,24,42.0,163.0,0.003002,24,42.0,163.0,0.058134,24,42.0,140.0,0.001999
instances\test_14.txt,CBS,lookahead,,4,24,2.0,3.0,42.0,163.0,0.058134,0.058134,0.058134,test_14.txt,test_14.txt,24,42.0,163.0,0.003002,24,42.0,163.0,0.058134,24,42.0,140.0,0.001999
instances\test_15.txt,CBS,astar,,,50,12.0,23.0,513.0,1607.0,0.016102,0.016102,0.016102,test_15.txt,test_15.txt,50,513.0,1607.0,0.016102,50,513.0,1607.0,0.312599,50,562.0,1663.0,0.012453
instances\test_15.txt,CBS,partial,3,,50,12.0,23.0,562.0,1663.0,0.012453,0.012453,0.012453,test_15.txt,test_15.txt,50,513.0,1607.0,0.016102,50,513.0,1607.0,0.312599,50,562.0,1663.0,0.012453
instances\test_15.txt,CBS,lookahead,,4,50,12.0,23.0,513.0,1607.0,0.312599,0.312599,0.312599,test_15.txt,test_15.txt,50,513.0,1607.0,0.016102,50,513.0,1607.0,0.312599,50,562.0,1663.0,0.012453
instances\test_16.txt,CBS,astar,,,51,19.0,37.0,2122.0,4032.0,0.030470,0.030470,0.03047,test_16.txt,test_16.txt,51,2122.0,4032.0,0.03047,51,2122.0,4032.0,0.74207,53,8063.0,13848.0,0.1092
instances\test_16.txt,CBS,partial,3,,53,46.0,91.0,8063.0,13848.0,0.109200,0.109200,0.1092,test_16.txt,test_16.txt,51,2122.0,4032.0,0.03047,51,2122.0,4032.0,0.74207,53,8063.0,13848.0,0.1092
instances\test_16.txt,CBS,lookahead,,4,51,19.0,37.0,2122.0,4032.0,0.742070,0.742070,0.74207,test_16.txt,test_16.txt,51,2122.0,4032.0,0.03047,51,2122.0,4032.0,0.74207,53,8063.0,13848.0,0.1092
instances\test_17.txt,CBS,astar,,,39,1.0,1.0,46.0,174.0,0.002748,0.002748,0.002748,test_17.txt,test_17.txt,39,46.0,174.0,0.002748,39,46.0,174.0,0.031089,39,46.0,159.0,0.002096
instances\test_17.txt,CBS,partial,3,,39,1.0,1.0,46.0,159.0,0.002096,0.002096,0.002096,test_17.txt,test_17.txt,39,46.0,174.0,0.002748,39,46.0,174.0,0.031089,39,46.0,159.0,0.002096
instances\test_17.txt,CBS,lookahead,,4,39,1.0,1.0,46.0,174.0,0.031089,0.031089,0.031089,test_17.txt,test_17.txt,39,46.0,174.0,0.002748,39,46.0,174.0,0.031089,39,46.0,159.0,0.002096
instances\test_18.txt,CBS,astar,,,32,7.0,13.0,174.0,567.0,0.005987,0.005987,0.005987,test_18.txt,test_18.txt,32,174.0,567.0,0.005987,32,174.0,567.0,0.133398,32,175.0,504.0,0.005812
instances\test_18.txt,CBS,partial,3,,32,7.0,13.0,175.0,504.0,0.005812,0.005812,0.005812,test_18.txt,test_18.txt,32,174.0,567.0,0.005987,32,174.0,567.0,0.133398,32,175.0,504.0,0.005812
instances\test_18.txt,CBS,lookahead,,4,32,7.0,13.0,174.0,567.0,0.133398,0.133398,0.133398,test_18.txt,test_18.txt,32,174.0,567.0,0.005987,32,174.0,567.0,0.133398,32,175.0,504.0,0.005812
instances\test_19.txt,CBS,astar,,,47,6.0,11.0,311.0,892.0,0.008092,0.008092,0.008092,test_19.txt,test_19.txt,47,311.0,892.0,0.008092,47,311.0,892.0,0.175329,47,351.0,922.0,0.008398
instances\test_19.txt,CBS,partial,3,,47,6.0,11.0,351.0,922.0,0.008398,0.008398,0.008398,test_19.txt,test_19.txt,47,311.0,892.0,0.008092,47,311.0,892.0,0.175329,47,351.0,922.0,0.008398
instances\test_19.txt,CBS,lookahead,,4,47,6.0,11.0,311.0,892.0,0.175329,0.175329,0.175329,test_19.txt,test_19.txt,47,311.0,892.0,0.008092,47,311.0,892.0,0.175329,47,351.0,922.0,0.008398
instances\test_2.txt,CBS,astar,,,18,1.0,1.0,23.0,87.0,0.001998,0.001998,0.001998,test_2.txt,test_2.txt,18,23.0,87.0,0.001998,18,23.0,87.0,0.032213,18,23.0,74.0,0.002134
instances\test_2.txt,CBS,partial,3,,18,1.0,1.0,23.0,74.0,0.002134,0.002134,0.002134,test_2.txt,test_2.txt,18,23.0,87.0,0.001998,18,23.0,87.0,0.032213,18,23.0,74.0,0.002134
instances\test_2.txt,CBS,lookahead,,4,18,1.0,1.0,23.0,87.0,0.032213,0.032213,0.032213,test_2.txt,test_2.txt,18,23.0,87.0,0.001998,18,23.0,87.0,0.032213,18,23.0,74.0,0.002134
instances\test_20.txt,CBS,astar,,,28,2.0,3.0,52.0,193.0,0.002010,0.002010,0.00201,test_20.txt,test_20.txt,28,52.0,193.0,0.00201,28,52.0,193.0,0.037887,28,52.0,175.0,0.003494
instances\test_20.txt,CBS,partial,3,,28,2.0,3.0,52.0,175.0,0.003494,0.003494,0.003494,test_20.txt,test_20.txt,28,52.0,193.0,0.00201,28,52.0,193.0,0.037887,28,52.0,175.0,0.003494
instances\test_20.txt,CBS,lookahead,,4,28,2.0,3.0,52.0,193.0,0.037887,0.037887,0.037887,test_20.txt,test_20.txt,28,52.0,193.0,0.00201,28,52.0,193.0,0.037887,28,52.0,175.0,0.003494
instances\test_21.txt,CBS,astar,,,46,4.0,7.0,142.0,459.0,0.005389,0.005389,0.005389,test_21.txt,test_21.txt,46,142.0,459.0,0.005389,46,142.0,459.0,0.091524,46,153.0,442.0,0.005517
instances\test_21.txt,CBS,partial,3,,46,4.0,7.0,153.0,442.0,0.005517,0.005517,0.005517,test_21.txt,test_21.txt,46,142.0,459.0,0.005389,46,142.0,459.0,0.091524,46,153.0,442.0,0.005517
instances\test_21.txt,CBS,lookahead,,4,46,4.0,7.0,142.0,459.0,0.091524,0.091524,0.091524,test_21.txt,test_21.txt,46,142.0,459.0,0.005389,46,142.0,459.0,0.091524,46,153.0,442.0,0.005517
instances\test_22.txt,CBS,astar,,,51,8.0,15.0,186.0,698.0,0.006997,0.006997,0.006997,test_22.txt,test_22.txt,51,186.0,698.0,0.006997,51,186.0,698.0,0.145005,51,186.0,644.0,0.006999
instances\test_22.txt,CBS,partial,3,,51,8.0,15.0,186.0,644.0,0.006999,0.006999,0.006999,test_22.txt,test_22.txt,51,186.0,698.0,0.006997,51,186.0,698.0,0.145005,51,186.0,644.0,0.006999
instances\test_22.txt,CBS,lookahead,,4,51,8.0,15.0,186.0,698.0,0.145005,0.145005,0.145005,test_22.txt,test_22.txt,51,186.0,698.0,0.006997,51,186.0,698.0,0.145005,51,186.0,644.0,0.006999
instances\test_23.txt,CBS,astar,,,32,2.0,3.0,52.0,215.0,0.003004,0.003004,0.003004,test_23.txt,test_23.txt,32,52.0,215.0,0.003004,32,52.0,215.0,0.049268,32,52.0,178.0,0.002998
instances\test_23.txt,CBS,partial,3,,32,2.0,3.0,52.0,178.0,0.002998,0.002998,0.002998,test_23.txt,test_23.txt,32,52.0,215.0,0.003004,32,52.0,215.0,0.049268,32,52.0,178.0,0.002998
instances\test_23.txt,CBS,lookahead,,4,32,2.0,3.0,52.0,215.0,0.049268,0.049268,0.049268,test_23.txt,test_23.txt,32,52.0,215.0,0.003004,32,52.0,215.0,0.049268,32,52.0,178.0,0.002998
instances\test_24.txt,CBS,astar,,,47,13.0,25.0,214.0,828.0,0.010222,0.010222,0.010222,test_24.txt,test_24.txt,47,214.0,828.0,0.010222,47,214.0,828.0,0.171982,47,214.0,737.0,0.010497
instances\test_24.txt,CBS,partial,3,,47,13.0,25.0,214.0,737.0,0.010497,0.010497,0.010497,test_24.txt,test_24.txt,47,214.0,828.0,0.010222,47,214.0,828.0,0.171982,47,214.0,737.0,0.010497
instances\test_24.txt,CBS,lookahead,,4,47,13.0,25.0,214.0,828.0,0.171982,0.171982,0.171982,test_24.txt,test_24.txt,47,214.0,828.0,0.010222,47,214.0,828.0,0.171982,47,214.0,737.0,0.010497
instances\test_25.txt,CBS,astar,,,40,6.0,11.0,174.0,569.0,0.006327,0.006327,0.006327,test_25.txt,test_25.txt,40,174.0,569.0,0.006327,40,174.0,569.0,0.109165,40,176.0,543.0,0.006334
instances\test_25.txt,CBS,partial,3,,40,6.0,11.0,176.0,543.0,0.006334,0.006334,0.006334,test_25.txt,test_25.txt,40,174.0,569.0,0.006327,40,174.0,569.0,0.109165,40,176.0,543.0,0.006334
instances\test_25.txt,CBS,lookahead,,4,40,6.0,11.0,174.0,569.0,0.109165,0.109165,0.109165,test_25.txt,test_25.txt,40,174.0,569.0,0.006327,40,174.0,569.0,0.109165,40,176.0,543.0,0.006334
instances\test_26.txt,CBS,astar,,,42,5.0,9.0,124.0,469.0,0.008000,0.008000,0.008,test_26.txt,test_26.txt,42,124.0,469.0,0.008,42,124.0,469.0,0.102002,42,124.0,432.0,0.008403
instances\test_26.txt,CBS,partial,3,,42,5.0,9.0,124.0,432.0,0.008403,0.008403,0.008403,test_26.txt,test_26.txt,42,124.0,469.0,0.008,42,124.0,469.0,0.102002,42,124.0,432.0,0.008403
instances\test_26.txt,CBS,lookahead,,4,42,5.0,9.0,124.0,469.0,0.102002,0.102002,0.102002,test_26.txt,test_26.txt,42,124.0,469.0,0.008,42,124.0,469.0,0.102002,42,124.0,432.0,0.008403
instances\test_27.txt,CBS,astar,,,40,6.0,11.0,120.0,439.0,0.005530,0.005530,0.00553,test_27.txt,test_27.txt,40,120.0,439.0,0.00553,40,120.0,439.0,0.090595,40,120.0,402.0,0.007234
instances\test_27.txt,CBS,partial,3,,40,6.0,11.0,120.0,402.0,0.007234,0.007234,0.007234,test_27.txt,test_27.txt,40,120.0,439.0,0.00553,40,120.0,439.0,0.090595,40,120.0,402.0,0.007234
instances\test_27.txt,CBS,lookahead,,4,40,6.0,11.0,120.0,439.0,0.090595,0.090595,0.090595,test_27.txt,test_27.txt,40,120.0,439.0,0.00553,40,120.0,439.0,0.090595,40,120.0,402.0,0.007234
instances\test_28.txt,CBS,astar,,,41,8.0,15.0,230.0,727.0,0.008471,0.008471,0.008471,test_28.txt,test_28.txt,41,230.0,727.0,0.008471,41,230.0,727.0,0.148457,41,245.0,722.0,0.009004
instances\test_28.txt,CBS,partial,3,,41,9.0,17.0,245.0,722.0,0.009004,0.009004,0.009004,test_28.txt,test_28.txt,41,230.0,727.0,0.008471,41,230.0,727.0,0.148457,41,245.0,722.0,0.009004
instances\test_28.txt,CBS,lookahead,,4,41,8.0,15.0,230.0,727.0,0.148457,0.148457,0.148457,test_28.txt,test_28.txt,41,230.0,727.0,0.008471,41,230.0,727.0,0.148457,41,245.0,722.0,0.009004
instances\test_29.txt,CBS,astar,,,48,14.0,27.0,496.0,1511.0,0.013562,0.013562,0.013562,test_29.txt,test_29.txt,48,496.0,1511.0,0.013562,48,496.0,1511.0,0.320018,48,539.0,1510.0,0.013998
instances\test_29.txt,CBS,partial,3,,48,14.0,27.0,539.0,1510.0,0.013998,0.013998,0.013998,test_29.txt,test_29.txt,48,496.0,1511.0,0.013562,48,496.0,1511.0,0.320018,48,539.0,1510.0,0.013998
instances\test_29.txt,CBS,lookahead,,4,48,14.0,27.0,496.0,1511.0,0.320018,0.320018,0.320018,test_29.txt,test_29.txt,48,496.0,1511.0,0.013562,48,496.0,1511.0,0.320018,48,539.0,1510.0,0.013998
instances\test_3.txt,CBS,astar,,,28,1.0,1.0,33.0,123.0,0.001989,0.001989,0.001989,test_3.txt,test_3.txt,28,33.0,123.0,0.001989,28,33.0,123.0,0.022205,28,33.0,112.0,0.002306
instances\test_3.txt,CBS,partial,3,,28,1.0,1.0,33.0,112.0,0.002306,0.002306,0.002306,test_3.txt,test_3.txt,28,33.0,123.0,0.001989,28,33.0,123.0,0.022205,28,33.0,112.0,0.002306
instances\test_3.txt,CBS,lookahead,,4,28,1.0,1.0,33.0,123.0,0.022205,0.022205,0.022205,test_3.txt,test_3.txt,28,33.0,123.0,0.001989,28,33.0,123.0,0.022205,28,33.0,112.0,0.002306
instances\test_30.txt,CBS,astar,,,43,417.0,833.0,7229.0,26561.0,0.327372,0.327372,0.327372,test_30.txt,test_30.txt,43,7229.0,26561.0,0.327372,43,7229.0,26561.0,7.412875,43,7231.0,24660.0,0.338098
instances\test_30.txt,CBS,partial,3,,43,417.0,833.0,7231.0,24660.0,0.338098,0.338098,0.338098,test_30.txt,test_30.txt,43,7229.0,26561.0,0.327372,43,7229.0,26561.0,7.412875,43,7231.0,24660.0,0.338098
instances\test_30.txt,CBS,lookahead,,4,43,417.0,833.0,7229.0,26561.0,7.412875,7.412875,7.412875,test_30.txt,test_30.txt,43,7229.0,26561.0,0.327372,43,7229.0,26561.0,7.412875,43,7231.0,24660.0,0.338098
instances\test_31.txt,CBS,astar,,,39,9.0,17.0,294.0,933.0,0.007108,0.007108,0.007108,test_31.txt,test_31.txt,39,294.0,933.0,0.007108,39,294.0,933.0,0.163074,39,292.0,907.0,0.007218
instances\test_31.txt,CBS,partial,3,,39,9.0,17.0,292.0,907.0,0.007218,0.007218,0.007218,test_31.txt,test_31.txt,39,294.0,933.0,0.007108,39,294.0,933.0,0.163074,39,292.0,907.0,0.007218
instances\test_31.txt,CBS,lookahead,,4,39,9.0,17.0,294.0,933.0,0.163074,0.163074,0.163074,test_31.txt,test_31.txt,39,294.0,933.0,0.007108,39,294.0,933.0,0.163074,39,292.0,907.0,0.007218
instances\test_32.txt,CBS,astar,,,30,4.0,7.0,263.0,606.0,0.005001,0.005001,0.005001,test_32.txt,test_32.txt,30,263.0,606.0,0.005001,30,263.0,606.0,0.107321,30,320.0,732.0,0.006558
instances\test_32.txt,CBS,partial,3,,30,4.0,7.0,320.0,732.0,0.006558,0.006558,0.006558,test_32.txt,test_32.txt,30,263.0,606.0,0.005001,30,263.0,606.0,0.107321,30,320.0,732.0,0.006558
instances\test_32.txt,CBS,lookahead,,4,30,4.0,7.0,263.0,606.0,0.107321,0.107321,0.107321,test_32.txt,test_32.txt,30,263.0,606.0,0.005001,30,263.0,606.0,0.107321,30,320.0,732.0,0.006558
instances\test_33.txt,CBS,astar,,,28,10.0,19.0,322.0,956.0,0.007811,0.007811,0.007811,test_33.txt,test_33.txt,28,322.0,956.0,0.007811,28,322.0,956.0,0.191923,28,353.0,985.0,0.008041
instances\test_33.txt,CBS,partial,3,,28,10.0,19.0,353.0,985.0,0.008041,0.008041,0.008041,test_33.txt,test_33.txt,28,322.0,956.0,0.007811,28,322.0,956.0,0.191923,28,353.0,985.0,0.008041
instances\test_33.txt,CBS,lookahead,,4,28,10.0,19.0,322.0,956.0,0.191923,0.191923,0.191923,test_33.txt,test_33.txt,28,322.0,956.0,0.007811,28,322.0,956.0,0.191923,28,353.0,985.0,0.008041
instances\test_34.txt,CBS,astar,,,33,3.0,5.0,84.0,283.0,0.003014,0.003014,0.003014,test_34.txt,test_34.txt,33,84.0,283.0,0.003014,33,84.0,283.0,0.041996,33,84.0,273.0,0.002015
instances\test_34.txt,CBS,partial,3,,33,3.0,5.0,84.0,273.0,0.002015,0.002015,0.002015,test_34.txt,test_34.txt,33,84.0,283.0,0.003014,33,84.0,283.0,0.041996,33,84.0,273.0,0.002015
instances\test_34.txt,CBS,lookahead,,4,33,3.0,5.0,84.0,283.0,0.041996,0.041996,0.041996,test_34.txt,test_34.txt,33,84.0,283.0,0.003014,33,84.0,283.0,0.041996,33,84.0,273.0,0.002015
instances\test_35.txt,CBS,astar,,,30,3.0,5.0,97.0,308.0,0.003999,0.003999,0.003999,test_35.txt,test_35.txt,30,97.0,308.0,0.003999,30,97.0,308.0,0.064083,30,100.0,296.0,0.005316
instances\test_35.txt,CBS,partial,3,,30,3.0,5.0,100.0,296.0,0.005316,0.005316,0.005316,test_35.txt,test_35.txt,30,97.0,308.0,0.003999,30,97.0,308.0,0.064083,30,100.0,296.0,0.005316
instances\test_35.txt,CBS,lookahead,,4,30,3.0,5.0,97.0,308.0,0.064083,0.064083,0.064083,test_35.txt,test_35.txt,30,97.0,308.0,0.003999,30,97.0,308.0,0.064083,30,100.0,296.0,0.005316
instances\test_36.txt,CBS,astar,,,23,2.0,3.0,42.0,146.0,0.001246,0.001246,0.001246,test_36.txt,test_36.txt,23,42.0,146.0,0.001246,23,42.0,146.0,0.028217,23,42.0,137.0,0.003604
instances\test_36.txt,CBS,partial,3,,23,2.0,3.0,42.0,137.0,0.003604,0.003604,0.003604,test_36.txt,test_36.txt,23,42.0,146.0,0.001246,23,42.0,146.0,0.028217,23,42.0,137.0,0.003604
instances\test_36.txt,CBS,lookahead,,4,23,2.0,3.0,42.0,146.0,0.028217,0.028217,0.028217,test_36.txt,test_36.txt,23,42.0,146.0,0.001246,23,42.0,146.0,0.028217,23,42.0,137.0,0.003604
instances\test_37.txt,CBS,astar,,,38,61.0,121.0,1397.0,5171.0,0.041615,0.041615,0.041615,test_37.txt,test_37.txt,38,1397.0,5171.0,0.041615,38,1397.0,5171.0,1.218939,38,1397.0,4858.0,0.038225
instances\test_37.txt,CBS,partial,3,,38,61.0,121.0,1397.0,4858.0,0.038225,0.038225,0.038225,test_37.txt,test_37.txt,38,1397.0,5171.0,0.041615,38,1397.0,5171.0,1.218939,38,1397.0,4858.0,0.038225
instances\test_37.txt,CBS,lookahead,,4,38,61.0,121.0,1397.0,5171.0,1.218939,1.218939,1.218939,test_37.txt,test_37.txt,38,1397.0,5171.0,0.041615,38,1397.0,5171.0,1.218939,38,1397.0,4858.0,0.038225
instances\test_38.txt,CBS,astar,,,28,1.0,1.0,33.0,116.0,0.000999,0.000999,0.000999,test_38.txt,test_38.txt,28,33.0,116.0,0.000999,28,33.0,116.0,0.018531,28,33.0,107.0,0.001417
instances\test_38.txt,CBS,partial,3,,28,1.0,1.0,33.0,107.0,0.001417,0.001417,0.001417,test_38.txt,test_38.txt,28,33.0,116.0,0.000999,28,33.0,116.0,0.018531,28,33.0,107.0,0.001417
instances\test_38.txt,CBS,lookahead,,4,28,1.0,1.0,33.0,116.0,0.018531,0.018531,0.018531,test_38.txt,test_38.txt,28,33.0,116.0,0.000999,28,33.0,116.0,0.018531,28,33.0,107.0,0.001417
instances\test_39.txt,CBS,astar,,,35,3.0,5.0,83.0,298.0,0.003000,0.003000,0.003,test_39.txt,test_39.txt,35,83.0,298.0,0.003,35,83.0,298.0,0.049782,35,83.0,284.0,0.002999
instances\test_39.txt,CBS,partial,3,,35,3.0,5.0,83.0,284.0,0.002999,0.002999,0.002999,test_39.txt,test_39.txt,35,83.0,298.0,0.003,35,83.0,298.0,0.049782,35,83.0,284.0,0.002999
instances\test_39.txt,CBS,lookahead,,4,35,3.0,5.0,83.0,298.0,0.049782,0.049782,0.049782,test_39.txt,test_39.txt,35,83.0,298.0,0.003,35,83.0,298.0,0.049782,35,83.0,284.0,0.002999
instances\test_4.txt,CBS,astar,,,32,18.0,35.0,421.0,1563.0,0.010201,0.010201,0.010201,test_4.txt,test_4.txt,32,421.0,1563.0,0.010201,32,421.0,1563.0,0.460558,32,421.0,1452.0,0.010013
instances\test_4.txt,CBS,partial,3,,32,18.0,35.0,421.0,1452.0,0.010013,0.010013,0.010013,test_4.txt,test_4.txt,32,421.0,1563.0,0.010201,32,421.0,1563.0,0.460558,32,421.0,1452.0,0.010013
instances\test_4.txt,CBS,lookahead,,4,32,18.0,35.0,421.0,1563.0,0.460558,0.460558,0.460558,test_4.txt,test_4.txt,32,421.0,1563.0,0.010201,32,421.0,1563.0,0.460558,32,421.0,1452.0,0.010013
instances\test_40.txt,CBS,astar,,,24,2.0,3.0,68.0,211.0,0.003053,0.003053,0.003053,test_40.txt,test_40.txt,24,68.0,211.0,0.003053,24,68.0,211.0,0.04503,24,70.0,191.0,0.002302
instances\test_40.txt,CBS,partial,3,,24,2.0,3.0,70.0,191.0,0.002302,0.002302,0.002302,test_40.txt,test_40.txt,24,68.0,211.0,0.003053,24,68.0,211.0,0.04503,24,70.0,191.0,0.002302
instances\test_40.txt,CBS,lookahead,,4,24,2.0,3.0,68.0,211.0,0.045030,0.045030,0.04503,test_40.txt,test_40.txt,24,68.0,211.0,0.003053,24,68.0,211.0,0.04503,24,70.0,191.0,0.002302
instances\test_41.txt,CBS,astar,,,45,407.0,813.0,19081.0,48920.0,0.351491,0.351491,0.351491,test_41.txt,test_41.txt,45,19081.0,48920.0,0.351491,45,19081.0,48920.0,9.600278,45,19135.0,47761.0,0.35101
instances\test_41.txt,CBS,partial,3,,45,398.0,795.0,19135.0,47761.0,0.351010,0.351010,0.35101,test_41.txt,test_41.txt,45,19081.0,48920.0,0.351491,45,19081.0,48920.0,9.600278,45,19135.0,47761.0,0.35101
instances\test_41.txt,CBS,lookahead,,4,45,407.0,813.0,19081.0,48920.0,9.600278,9.600278,9.600278,test_41.txt,test_41.txt,45,19081.0,48920.0,0.351491,45,19081.0,48920.0,9.600278,45,19135.0,47761.0,0.35101
instances\test_42.txt,CBS,astar,,,57,322.0,643.0,12693.0,34093.0,0.332701,0.332701,0.332701,test_42.txt,test_42.txt,57,12693.0,34093.0,0.332701,57,12693.0,34093.0,6.263316,57,13470.0,35780.0,0.336523
instances\test_42.txt,CBS,partial,3,,57,322.0,643.0,13470.0,35780.0,0.336523,0.336523,0.336523,test_42.txt,test_42.txt,57,12693.0,34093.0,0.332701,57,12693.0,34093.0,6.263316,57,13470.0,35780.0,0.336523
instances\test_42.txt,CBS,lookahead,,4,57,322.0,643.0,12693.0,34093.0,6.263316,6.263316,6.263316,test_42.txt,test_42.txt,57,12693.0,34093.0,0.332701,57,12693.0,34093.0,6.263316,57,13470.0,35780.0,0.336523
instances\test_43.txt,CBS,astar,,,43,7.0,13.0,522.0,1215.0,0.010139,0.010139,0.010139,test_43.txt,test_43.txt,43,522.0,1215.0,0.010139,43,522.0,1215.0,0.224682,43,616.0,1331.0,0.010782
instances\test_43.txt,CBS,partial,3,,43,7.0,13.0,616.0,1331.0,0.010782,0.010782,0.010782,test_43.txt,test_43.txt,43,522.0,1215.0,0.010139,43,522.0,1215.0,0.224682,43,616.0,1331.0,0.010782
instances\test_43.txt,CBS,lookahead,,4,43,7.0,13.0,522.0,1215.0,0.224682,0.224682,0.224682,test_43.txt,test_43.txt,43,522.0,1215.0,0.010139,43,522.0,1215.0,0.224682,43,616.0,1331.0,0.010782
instances\test_44.txt,CBS,astar,,,33,11.0,21.0,187.0,687.0,0.007012,0.007012,0.007012,test_44.txt,test_44.txt,33,187.0,687.0,0.007012,33,187.0,687.0,0.14471,33,187.0,628.0,0.008107
instances\test_44.txt,CBS,partial,3,,33,11.0,21.0,187.0,628.0,0.008107,0.008107,0.008107,test_44.txt,test_44.txt,33,187.0,687.0,0.007012,33,187.0,687.0,0.14471,33,187.0,628.0,0.008107
instances\test_44.txt,CBS,lookahead,,4,33,11.0,21.0,187.0,687.0,0.144710,0.144710,0.14471,test_44.txt,test_44.txt,33,187.0,687.0,0.007012,33,187.0,687.0,0.14471,33,187.0,628.0,0.008107
instances\test_45.txt,CBS,astar,,,24,2.0,3.0,62.0,194.0,0.002002,0.002002,0.002002,test_45.txt,test_45.txt,24,62.0,194.0,0.002002,24,62.0,194.0,0.069212,24,61.0,173.0,0.003274
instances\test_45.txt,CBS,partial,3,,24,2.0,3.0,61.0,173.0,0.003274,0.003274,0.003274,test_45.txt,test_45.txt,24,62.0,194.0,0.002002,24,62.0,194.0,0.069212,24,61.0,173.0,0.003274
instances\test_45.txt,CBS,lookahead,,4,24,2.0,3.0,62.0,194.0,0.069212,0.069212,0.069212,test_45.txt,test_45.txt,24,62.0,194.0,0.002002,24,62.0,194.0,0.069212,24,61.0,173.0,0.003274
instances\test_46.txt,CBS,astar,,,57,29.0,57.0,1068.0,3079.0,0.035639,0.035639,0.035639,test_46.txt,test_46.txt,57,1068.0,3079.0,0.035639,57,1068.0,3079.0,0.629472,57,1167.0,3102.0,0.027795
instances\test_46.txt,CBS,partial,3,,57,29.0,57.0,1167.0,3102.0,0.027795,0.027795,0.027795,test_46.txt,test_46.txt,57,1068.0,3079.0,0.035639,57,1068.0,3079.0,0.629472,57,1167.0,3102.0,0.027795
instances\test_46.txt,CBS,lookahead,,4,57,29.0,57.0,1068.0,3079.0,0.629472,0.629472,0.629472,test_46.txt,test_46.txt,57,1068.0,3079.0,0.035639,57,1068.0,3079.0,0.629472,57,1167.0,3102.0,0.027795
instances\test_47.txt,CBS,astar,,,-1,,,75448.0,200001.0,1.520758,1.520758,1.520758,test_47.txt,test_47.txt,-1,75448.0,200001.0,1.520758,-1,,,,-1,75478.0,200001.0,1.489773
instances\test_47.txt,CBS,partial,3,,-1,,,75478.0,200001.0,1.489773,1.489773,1.489773,test_47.txt,test_47.txt,-1,75448.0,200001.0,1.520758,-1,,,,-1,75478.0,200001.0,1.489773
instances\test_47.txt,CBS,lookahead,,4,-1,,,,,TIMEOUT,TIMEOUT,,test_47.txt,test_47.txt,-1,75448.0,200001.0,1.520758,-1,,,,-1,75478.0,200001.0,1.489773
instances\test_48.txt,CBS,astar,,,36,5.0,9.0,112.0,391.0,0.004027,0.004027,0.004027,test_48.txt,test_48.txt,36,112.0,391.0,0.004027,36,112.0,391.0,0.064329,36,112.0,384.0,0.004
instances\test_48.txt,CBS,partial,3,,36,5.0,9.0,112.0,384.0,0.004000,0.004000,0.004,test_48.txt,test_48.txt,36,112.0,391.0,0.004027,36,112.0,391.0,0.064329,36,112.0,384.0,0.004
instances\test_48.txt,CBS,lookahead,,4,36,5.0,9.0,112.0,391.0,0.064329,0.064329,0.064329,test_48.txt,test_48.txt,36,112.0,391.0,0.004027,36,112.0,391.0,0.064329,36,112.0,384.0,0.004
instances\test_49.txt,CBS,astar,,,42,7.0,13.0,151.0,512.0,0.005096,0.005096,0.005096,test_49.txt,test_49.txt,42,151.0,512.0,0.005096,42,151.0,512.0,0.079897,42,151.0,493.0,0.005375
instances\test_49.txt,CBS,partial,3,,42,7.0,13.0,151.0,493.0,0.005375,0.005375,0.005375,test_49.txt,test_49.txt,42,151.0,512.0,0.005096,42,151.0,512.0,0.079897,42,151.0,493.0,0.005375
instances\test_49.txt,CBS,lookahead,,4,42,7.0,13.0,151.0,512.0,0.079897,0.079897,0.079897,test_49.txt,test_49.txt,42,151.0,512.0,0.005096,42,151.0,512.0,0.079897,42,151.0,493.0,0.005375
instances\test_5.txt,CBS,astar,,,26,6.0,11.0,142.0,488.0,0.004988,0.004988,0.004988,test_5.txt,test_5.txt,26,142.0,488.0,0.004988,26,142.0,488.0,0.097751,26,152.0,470.0,0.004362
instances\test_5.txt,CBS,partial,3,,26,6.0,11.0,152.0,470.0,0.004362,0.004362,0.004362,test_5.txt,test_5.txt,26,142.0,488.0,0.004988,26,142.0,488.0,0.097751,26,152.0,470.0,0.004362
instances\test_5.txt,CBS,lookahead,,4,26,6.0,11.0,142.0,488.0,0.097751,0.097751,0.097751,test_5.txt,test_5.txt,26,142.0,488.0,0.004988,26,142.0,488.0,0.097751,26,152.0,470.0,0.004362
instances\test_50.txt,CBS,astar,,,48,13.0,25.0,1752.0,3072.0,0.021300,0.021300,0.0213,test_50.txt,test_50.txt,48,1752.0,3072.0,0.0213,48,1752.0,3072.0,0.507424,48,2781.0,4585.0,0.035049
instances\test_50.txt,CBS,partial,3,,48,15.0,29.0,2781.0,4585.0,0.035049,0.035049,0.035049,test_50.txt,test_50.txt,48,1752.0,3072.0,0.0213,48,1752.0,3072.0,0.507424,48,2781.0,4585.0,0.035049
instances\test_50.txt,CBS,lookahead,,4,48,13.0,25.0,1752.0,3072.0,0.507424,0.507424,0.507424,test_50.txt,test_50.txt,48,1752.0,3072.0,0.0213,48,1752.0,3072.0,0.507424,48,2781.0,4585.0,0.035049
instances\test_6.txt,CBS,astar,,,24,3.0,5.0,57.0,219.0,0.003124,0.003124,0.003124,test_6.txt,test_6.txt,24,57.0,219.0,0.003124,24,57.0,219.0,0.048008,24,57.0,193.0,0.002017
instances\test_6.txt,CBS,partial,3,,24,3.0,5.0,57.0,193.0,0.002017,0.002017,0.002017,test_6.txt,test_6.txt,24,57.0,219.0,0.003124,24,57.0,219.0,0.048008,24,57.0,193.0,0.002017
instances\test_6.txt,CBS,lookahead,,4,24,3.0,5.0,57.0,219.0,0.048008,0.048008,0.048008,test_6.txt,test_6.txt,24,57.0,219.0,0.003124,24,57.0,219.0,0.048008,24,57.0,193.0,0.002017
instances\test_7.txt,CBS,astar,,,34,2.0,3.0,53.0,198.0,0.001999,0.001999,0.001999,test_7.txt,test_7.txt,34,53.0,198.0,0.001999,34,53.0,198.0,0.034399,34,53.0,182.0,0.003394
instances\test_7.txt,CBS,partial,3,,34,2.0,3.0,53.0,182.0,0.003394,0.003394,0.003394,test_7.txt,test_7.txt,34,53.0,198.0,0.001999,34,53.0,198.0,0.034399,34,53.0,182.0,0.003394
instances\test_7.txt,CBS,lookahead,,4,34,2.0,3.0,53.0,198.0,0.034399,0.034399,0.034399,test_7.txt,test_7.txt,34,53.0,198.0,0.001999,34,53.0,198.0,0.034399,34,53.0,182.0,0.003394
instances\test_8.txt,CBS,astar,,,38,271.0,541.0,8079.0,26924.0,0.161675,0.161675,0.161675,test_8.txt,test_8.txt,38,8079.0,26924.0,0.161675,38,8079.0,26924.0,6.312251,38,8168.0,26045.0,0.170405
instances\test_8.txt,CBS,partial,3,,38,271.0,541.0,8168.0,26045.0,0.170405,0.170405,0.170405,test_8.txt,test_8.txt,38,8079.0,26924.0,0.161675,38,8079.0,26924.0,6.312251,38,8168.0,26045.0,0.170405
instances\test_8.txt,CBS,lookahead,,4,38,271.0,541.0,8079.0,26924.0,6.312251,6.312251,6.312251,test_8.txt,test_8.txt,38,8079.0,26924.0,0.161675,38,8079.0,26924.0,6.312251,38,8168.0,26045.0,0.170405
instances\test_9.txt,CBS,astar,,,24,1.0,1.0,30.0,112.0,0.002107,0.002107,0.002107,test_9.txt,test_9.txt,24,30.0,112.0,0.002107,24,30.0,112.0,0.021386,24,30.0,100.0,0.002149
instances\test_9.txt,CBS,partial,3,,24,1.0,1.0,30.0,100.0,0.002149,0.002149,0.002149,test_9.txt,test_9.txt,24,30.0,112.0,0.002107,24,30.0,112.0,0.021386,24,30.0,100.0,0.002149
instances\test_9.txt,CBS,lookahead,,4,24,1.0,1.0,30.0,112.0,0.021386,0.021386,0.021386,test_9.txt,test_9.txt,24,30.0,112.0,0.002107,24,30.0,112.0,0.021386,24,30.0,100.0,0.002149
